<?xml version="1.0" encoding="UTF-8" standalone="yes"?>
<addon id="weather.yandexweather" version="0.3.4" name="Я.Погода" provider-name="Mdesignstudio, SantaX">
  <requires>
    <import addon="xbmc.python" version="3.0.0"/>
    <import addon="script.module.requests" version="2.27.1"/>
  </requires>
  <extension point="xbmc.python.weather" library="main.py"/>
  <extension point="xbmc.addon.metadata">
    <summary>Погода с сайта Я.Погода</summary>
    <platform>all</platform>
    <assets>
      <icon>icon.png</icon>
    </assets>
  </extension>
</addon>
