<?xml version="1.0" encoding="UTF-8" standalone="yes"?>
<addon id="plugin.video.kremlin" name="Президент России" version="0.1.1" provider-name="SantaX">
    <requires>
        <import addon="xbmc.python" version="3.0.0"/>
		<import addon="script.module.requests" version="0.0.0" />
    </requires>
    <extension point="xbmc.python.pluginsource" library="default.py">
        <provides>video</provides>
    </extension>
    <extension point="xbmc.addon.metadata">
        <summary>Медиаматериалы с сайта http://kremlin.ru/</summary>
        <description>Плагин для доступа к медиаархиву с сайта Президент России</description>
        <language>ru</language>
        <platform>all</platform>
    <assets>
      <icon>icon.png</icon>
    </assets>
    </extension>
</addon>