<?xml version="1.0" encoding="UTF-8" standalone="yes"?>
<addon id="repository.santax" name="SantaX Add-ons" version="1.0.2" provider-name="SantaX">
    <extension point="xbmc.addon.repository" name="SantaX XBMC Add-ons">
        <dir minversion="19.0.0">
	    <info compressed="false">https://github.com/santax666/kodi.repository/raw/main/addons.xml</info>
	    <checksum>https://github.com/santax666/kodi.repository/raw/main/addons.xml.md5</checksum>
	    <datadir zip="true">https://github.com/santax666/kodi.repository/raw/refs/heads/main/</datadir>
        </dir>
    </extension>
    <extension point="xbmc.addon.metadata">
	<summary>Install Add-ons from SantaX Add-on Repository</summary>
	<description>Plug-ins for KODI</description>
	<disclaimer>There are git my add-ons for KODI</disclaimer>
	<platform>all</platform>
        <assets>
	    <icon>icon.png</icon>
	</assets>
    </extension>
</addon>
